rank,kr_name,en_name,region
1,옥스퍼드 대학교,University of Oxford,영국
2,하버드 대학교,Harvard University,미국
3,케임브리지 대학교,University of Cambridge,영국
4,임페리얼 칼리지 런던,Imperial College London,영국
5,존스 홉킨스 대학교,Johns Hopkins University,미국
6,스탠퍼드 대학교,Stanford University,미국
7,예일 대학교,Yale University,미국
8,유니버시티 칼리지 런던,UCL,영국
9,토론토 대학교,University of Toronto,캐나다
10,펜실베이니아 대학교,University of Pennsylvania,미국
11,캘리포니아 대학교 버클리,University of California  Berkeley,미국
12,킹스 칼리지 런던,King’s College London,영국
13,카롤린스카 연구소,Karolinska Institute,스웨덴
14,캘리포니아 대학교 로스앤젤레스,University of California  Los Angeles,미국
15,칭화대학교,Tsinghua University,중국
16,컬럼비아 대학교,Columbia University,미국
17,싱가포르국립대학교,National University of Singapore,싱가포르
18,미시간 대학교 앤아버,University of Michigan-Ann Arbor,미국
19,워싱턴 대학교,University of Washington,미국
20,멜버른 대학교,University of Melbourne,호주
21,에든버러 대학교,University of Edinburgh,영국
22,홍콩 대학교,University of Hong Kong,홍콩
23,듀크 대학교,Duke University,미국
24,홍콩 중문대학교,The Chinese University of Hong Kong,홍콩
25,베이징대학교,Peking University,중국
26,시카고 대학교,The University of Chicago,미국
27,도쿄 대학교,The University of Tokyo,일본
28,브리티시컬럼비아 대학교,University of British Columbia,캐나다
29,맥길 대학교,McGill University,캐나다
30,노스캐롤라이나 대학교 채플힐,University of North Carolina at Chapel Hill,미국
31,모나시 대학교,Monash University,호주
32,샤리테 베를린 의과대학,Charité - Universitätsmedizin Berlin,독일
33,워싱턴 대학교 세인트루이스,Washington University in St Louis,미국
34,캘리포니아 대학교 샌디에이고,University of California  San Diego,미국
35,시드니 대학교,The University of Sydney,호주
36,보스턴 대학교,Boston University,미국
37,암스테르담 대학교,University of Amsterdam,네덜란드
38,하이델베르크 대학교,Universität Heidelberg,독일
39,맥마스터 대학교,McMaster University,캐나다
40,푸단대학교,Fudan University,중국
41,루벤 가톨릭 대학교,KU Leuven,벨기에
42,취리히 연방 공과대학교,ETH Zurich,스위스
43,에모리 대학교,Emory University,미국
44,서울대학교,Seoul National University,대한민국
45,뮌헨 루트비히 막시밀리안 대학교,LMU Munich,독일
46,교토대학교,Kyoto University,일본
47,노스웨스턴 대학교,Northwestern University,미국
48,맨체스터 대학교,University of Manchester,영국
49,뉴욕 대학교,New York University,미국
50,성균관대학교,Sungkyunkwan University (SKKU),대한민국
51,글래스고 대학교,University of Glasgow,영국
52,에라스무스 로테르담 대학교,Erasmus University Rotterdam,네덜란드
53,뮌헨 공과대학교,Technical University of Munich,독일
54,브리스톨 대학교,University of Bristol,영국
55,서던캘리포니아 대학교,University of Southern California,미국
56,상하이 자오퉁 대학교,Shanghai Jiao Tong University,중국
57,퀸즐랜드 대학교,The University of Queensland,호주
58,마스트리흐트 대학교,Maastricht University,네덜란드
59,밴더빌트 대학교,Vanderbilt University,미국
60,연세대학교,Yonsei University (Seoul campus),대한민국
61,브라운 대학교,Brown University,미국
62,라이덴 대학교,Leiden University,네덜란드
63,흐로닝언 대학교,University of Groningen,네덜란드
64,코펜하겐 대학교,University of Copenhagen,덴마크
65,미네소타 대학교,University of Minnesota,미국
66,버밍엄 대학교,University of Birmingham,영국
67,베른 대학교,University of Bern,스위스
68,피츠버그 대학교,University of Pittsburgh-Pittsburgh campus,미국
69,퀸메리 런던 대학교,Queen Mary University of London,영국
70,오사카대학교,The University of Osaka,일본
71,캘리포니아 대학교 데이비스,University of California  Davis,미국
72,뉴사우스웨일스 대학교,UNSW Sydney,호주
73,바르셀로나 대학교,University of Barcelona,스페인
74,앨버타 대학교,University of Alberta,캐나다
75,터프츠 대학교,Tufts University,미국
76,저장대학교,Zhejiang University,중국
77,오르후스 대학교,Aarhus University,덴마크
78,케이프타운 대학교,University of Cape Town,남아프리카공화국
79,노팅엄 대학교,University of Nottingham,영국
80,국립대만대학교,National Taiwan University (NTU),대만
81,소르본 대학교,Sorbonne University,프랑스
82,케이스 웨스턴 리저브 대학교,Case Western Reserve University,미국
83,룬드 대학교,Lund University,스웨덴
84,바젤 대학교,University of Basel,스위스
85,난양기술대학교,Nanyang Technological University  Singapore,싱가포르
86,난징대학교,Nanjing University,중국
87,뉴캐슬 대학교,Newcastle University,영국
88,상파울루 대학교,University of São Paulo,브라질
89,애들레이드 대학교,University of Adelaide,호주
90,리버풀 대학교,University of Liverpool,영국
91,플로리다 대학교,University of Florida,미국
92,위스콘신 대학교 매디슨,University of Wisconsin-Madison,미국
93,몬트리올 대학교,Université de Montréal,캐나다
94,파리-사클레 대학교,Université Paris-Saclay,프랑스
95,쓰촨대학교,Sichuan University,중국
96,겐트 대학교,Ghent University,벨기에
97,우한대학교,Wuhan University,중국
98,튀빙겐 대학교,University of Tübingen,독일
99,매사추세츠 대학교,University of Massachusetts,미국
100,화중과기대학교,Huazhong University of Science and Technology,중국
101,로체스터 대학교,University of Rochester,미국
102,호주국립대학교,Australian National University,호주
103,비엔나 의과대학,Medical University of Vienna,오스트리아
104,오하이오 주립대학교,Ohio State University (Main campus),미국
105,라드바우드 대학교,Radboud University Nijmegen,네덜란드
106,도호쿠대학교,Tohoku University,일본
107,안트베르펜 대학교,University of Antwerp,벨기에
108,볼로냐 대학교,University of Bologna,이탈리아
109,캘거리 대학교,University of Calgary,캐나다
110,프라이부르크 대학교,University of Freiburg,독일
111,예테보리 대학교,University of Gothenburg,스웨덴
112,헬싱키 대학교,University of Helsinki,핀란드
113,아이오와 대학교,University of Iowa,미국
114,로잔 대학교,University of Lausanne,스위스
115,리즈 대학교,University of Leeds,영국
116,레스터 대학교,University of Leicester,영국
117,마이애미 대학교,University of Miami,미국
118,오슬로 대학교,University of Oslo,노르웨이
119,오타와 대학교,University of Ottawa,캐나다
120,셰필드 대학교,University of Sheffield,영국
121,사우샘프턴 대학교,University of Southampton,영국
122,텍사스 대학교 오스틴,University of Texas at Austin,미국
123,요크 대학교,University of York,영국
124,웁살라 대학교,Uppsala University,스웨덴
125,프레이에 대학교 암스테르담,Vrije Universiteit Amsterdam,네덜란드
126,다트머스 대학교,Dartmouth College,미국
127,조지 워싱턴 대학교,George Washington University,미국
128,퀸스 대학교,Queen’s University,캐나다
129,퀸스 대학교 벨파스트,Queen’s University Belfast,영국
130,아헨 공과대학교,RWTH Aachen University,독일
131,쑨원대학교(중산대학),Sun Yat-sen University,중국
132,웨스턴 오스트레일리아 대학교,The University of Western Australia,호주
133,트리니티 칼리지 더블린,Trinity College Dublin,아일랜드
134,루뱅 가톨릭 대학교,Université Catholique de Louvain,벨기에
135,브뤼셀 자유대학교,Université Libre de Bruxelles,벨기에
136,파리 시떼 대학교,Université Paris Cité,프랑스
137,오클랜드 대학교,University of Auckland,뉴질랜드
138,캘리포니아 대학교 어바인,University of California  Irvine,미국
139,콜로라도 대학교 덴버/안슈츠 메디컬 캠퍼스,University of Colorado Denver/Anschutz Medical Campus,미국
140,제네바 대학교,University of Geneva,스위스
141,함부르크 대학교,University of Hamburg,독일
142,일리노이 대학교 시카고,University of Illinois Chicago,미국
143,밀라노 대학교,University of Milan,이탈리아
144,뮌스터 대학교,University of Münster,독일
145,유타 대학교,University of Utah,미국
146,워릭 대학교,University of Warwick,영국
147,뷔르츠부르크 대학교,University of Würzburg,독일
148,비타-살루테 산 라파엘레 대학교,Vita-Salute San Raffaele University,이탈리아
149,바헤닝언 대학교 및 연구소,Wageningen University & Research,네덜란드
150,웨스턴 대학교,Western University,캐나다
151,카디프 대학교,Cardiff University,영국
152,조지타운 대학교,Georgetown University,미국
153,우마니타스 대학교,Humanitas University,이탈리아
154,킹사우드 대학교,King Saud University,사우디아라비아
155,고려대학교,Korea University,대한민국
156,라트로브 대학교,La Trobe University,호주
157,맥쿼리 대학교,Macquarie University,호주
158,오리건 건강과학대학교,Oregon Health and Science University,미국
159,펜실베이니아 주립대학교(본교),Penn State (Main campus),미국
160,세인트 조지 런던 대학교,St George’s  University of London,영국
161,홍콩 폴리텍 대학교,The Hong Kong Polytechnic University,홍콩
162,도쿄 의치과대학교,Tokyo Medical and Dental University (TMDU),일본
163,드레스덴 공과대학교,TU Dresden,독일
164,울름 대학교,Ulm University,독일
165,바르셀로나 자치대학교,Universitat Autònoma de Barcelona (UAB),스페인
166,라발 대학교,Université Laval,캐나다
167,애리조나 대학교,University of Arizona,미국
168,본 대학교,University of Bonn,독일
169,쾰른 대학교,University of Cologne,독일
170,에를랑겐-뉘른베르크 대학교,University of Erlangen-Nuremberg,독일
171,엑서터 대학교,University of Exeter,영국
172,괴팅겐 대학교,University of Göttingen,독일
173,마카오 대학교,University of Macau,마카오
174,파도바 대학교,University of Padua,이탈리아
175,시드니 공과대학교,University of Technology Sydney,호주
176,하인리히 하이네 대학교 뒤셀도르프,Heinrich Heine University Düsseldorf,독일
177,인디애나 대학교,Indiana University,미국
178,그라츠 의과대학교,Medical University of Graz,오스트리아
179,인스브루크 의과대학교,Medical University of Innsbruck,오스트리아
180,폼페우 파브라 대학교,Pompeu Fabra University,스페인
181,퍼듀 대학교 웨스트라피엣 캠퍼스,Purdue University West Lafayette,미국
182,퀸즐랜드 공과대학교,Queensland University of Technology,호주
183,남방의과대학교,Southern Medical University,중국
184,스텔렌보스 대학교,Stellenbosch University,남아프리카공화국
185,덴마크 공과대학교,Technical University of Denmark,덴마크
186,텔아비브 대학교,Tel Aviv University,이스라엘
187,퉁지 대학교,Tongji University,중국
188,아랍에미리트 대학교,United Arab Emirates University,아랍에미리트
189,사크로 쿠오레 가톨릭 대학교,Università Cattolica del Sacro Cuore,이탈리아
190,스위스 이탈리아 대학교,Università della Svizzera italiana,스위스
191,더블린 대학교,University College Dublin,아일랜드
192,애버딘 대학교,University of Aberdeen,영국
193,던디 대학교,University of Dundee,영국
194,킬 대학교,University of Kiel,독일
195,밀라노 비코카 대학교,University of Milan-Bicocca,이탈리아
196,나바라 대학교,University of Navarra,스페인
197,남덴마크 대학교,University of Southern Denmark,덴마크
198,위트워터스랜드 대학교,University of the Witwatersrand,남아프리카공화국
199,버지니아 대학교 (본교),University of Virginia (Main campus),미국
200,브뤼셀 자유대학교,Vrije Universiteit Brussel,벨기에
201,올보르 대학교,Aalborg University,덴마크
202,엑스마르세유 대학교,Aix-Marseille University,프랑스
203,마드리드 자치대학교,Autonomous University of Madrid,스페인
204,런던 시립대학교,City  University of London,영국
205,달하우지 대학교,Dalhousie University,캐나다
206,디킨 대학교,Deakin University,호주
207,델프트 공과대학교,Delft University of Technology,네덜란드
208,플린더스 대학교,Flinders University,호주
209,괴테 프랑크푸르트 대학교,Goethe University Frankfurt,독일
210,하시트 대학교,Hasselt University,벨기에
211,홍콩 침례대학교,Hong Kong Baptist University,홍콩
212,이맘 압둘라흐만 빈 파이살 대학교,Imam Abdulrahman Bin Faisal University,사우디아라비아
213,유스투스 리비히 기센 대학교,Justus Liebig University Giessen,독일
214,게이오 대학교,Keio University,일본
215,킹 압둘아지즈 대학교,King Abdulaziz University,사우디아라비아
216,랭커스터 대학교,Lancaster University,영국
217,린셰핑 대학교,Linköping University,스웨덴
218,마카오과학기술대학교,Macau University of Science and Technology,마카오
219,미시간주립대학교,Michigan State University,미국
220,나고야 대학교,Nagoya University,일본
221,노스이스턴 대학교 (미국),Northeastern University  US,미국
222,카타르 대학교,Qatar University,카타르
223,RCSI 의학 및 보건과학 대학교,RCSI University of Medicine and Health Sciences,아일랜드
224,사피엔자 로마 대학교,Sapienza University of Rome,이탈리아
225,세멜바이스 대학교,Semmelweis University,헝가리
226,남방과학기술대학교 (SUSTech),Southern University of Science and Technology (SUSTech),중국
227,텍사스 A&M 대학교,Texas A&M University,미국
228,툴레인 대학교,Tulane University,미국
229,우메오 대학교,Umeå University,스웨덴
230,버팔로 대학교,University at Buffalo,미국
231,코크 대학교,University College Cork,아일랜드
232,베르겐 대학교,University of Bergen,노르웨이
233,보르도 대학교,University of Bordeaux,프랑스
234,브레시아 대학교,University of Brescia,이탈리아
235,뒤스부르크-에센 대학교,University of Duisburg-Essen,독일
236,리에주 대학교,University of Liège,벨기에
237,말라야 대학교,University of Malaya,말레이시아
238,마니토바 대학교,University of Manitoba,캐나다
239,메릴랜드 대학교 칼리지파크 캠퍼스,University of Maryland  College Park,미국
240,나폴리 페데리코 2세 대학교,University of Naples Federico II,이탈리아
241,뉴캐슬 대학교,University of Newcastle,오스트레일리아
242,오타고 대학교,University of Otago,뉴질랜드
243,파비아 대학교,University of Pavia,이탈리아
244,로마 제2대학교 – 토르 베르가타,University of Rome II – Tor Vergata,이탈리아
245,세인트앤드루스 대학교,University of St Andrews,영국
246,투르쿠 대학교,University of Turku,핀란드
247,트벤터 대학교,University of Twente,네덜란드
248,워털루 대학교,University of Waterloo,캐나다
249,베로나 대학교,Verona University,이탈리아
250,웨스턴 시드니 대학교,Western Sydney University,오스트레일리아
251,아주대학교,Ajou University,대한민국
252,애리조나 주립대학교 (템피 캠퍼스),Arizona State University (Tempe),미국
253,애스턴 대학교,Aston University,영국
254,오클랜드 공과대학교,Auckland University of Technology,뉴질랜드
255,호주 가톨릭 대학교,Australian Catholic University,오스트레일리아
256,본드 대학교,Bond University,오스트레일리아
257,보스턴 칼리지,Boston College,미국
258,마드리드 콤플루텐세 대학교,Complutense University of Madrid,스페인
259,커틴 대학교,Curtin University,오스트레일리아
260,그리피스 대학교,Griffith University,오스트레일리아
261,히브리 예루살렘 대학교,Hebrew University of Jerusalem,이스라엘
262,홋카이도 대학교,Hokkaido University,일본
263,이맘 무함마드 이븐 사우드 이슬람 대학교,Imam Mohammad Ibn Saud Islamic University,사우디아라비아
264,마인츠 요하네스 구텐베르크 대학교,Johannes Gutenberg University of Mainz,독일
265,경희대학교,Kyung Hee University,대한민국
266,큐슈 대학교,Kyushu University,일본
267,레바논 아메리칸 대학교,Lebanese American University,레바논
268,마히돌 대학교,Mahidol University,태국
269,몽펠리에 대학교,Montpellier University,프랑스
270,머독 대학교,Murdoch University,오스트레일리아
271,난카이 대학교,Nankai University,중국
272,낭트 대학교,Nantes Université,프랑스
273,국립 양밍 교통대학교,National Yang Ming Chiao Tung University (NYCU),대만
274,루르 보훔 대학교,Ruhr University Bochum,독일
275,사비타 의과기술대학교,Saveetha Institute of Medical and Technical Sciences,인도
276,선전 대학교,Shenzhen University,중국
277,타이베이 의과대학교,Taipei Medical University,대만
278,탐페레 대학교,Tampere University,핀란드
279,테크니온 - 이스라엘 공과대학교,Technion Israel Institute of Technology,이스라엘
280,톈진 대학교,Tianjin University,중국
281,캄피나스 주립대학교,University of Campinas,브라질
282,키프로스 대학교,University of Cyprus,키프로스
283,피렌체 대학교,University of Florence,이탈리아
284,골웨이 대학교,University of Galway,아일랜드
285,제노바 대학교,University of Genoa,이탈리아
286,캔자스 대학교,University of Kansas,미국
287,켄터키 대학교,University of Kentucky,미국
288,피사 대학교,University of Pisa,이탈리아
289,포르투 대학교,University of Porto,포르투갈
290,샤르자 대학교,University of Sharjah,아랍에미리트
291,사우스 오스트레일리아 대학교,University of South Australia,오스트레일리아
292,스트래스클라이드 대학교,University of Strathclyde,영국
293,서리 대학교,University of Surrey,영국
294,서식스 대학교,University of Sussex,영국
295,츠쿠바 대학교,University of Tsukuba,일본
296,토리노 대학교,University of Turin,이탈리아
297,빅토리아 대학교,University of Victoria,캐나다
298,울런공 대학교,University of Wollongong,오스트레일리아
299,버지니아 커먼웰스 대학교,Virginia Commonwealth University,미국
300,시안 자오퉁 대학교,Xi’an Jiaotong University,중국
301,아즈만 대학교,Ajman University,아랍에미리트
302,알파이살 대학교,Alfaisal University,사우디아라비아
303,피에몬테 동부 아메데오 아보가드로 대학교,Amedeo Avogadro University of Eastern Piedmont,이탈리아
304,베이루트 아메리칸 대학교,American University of Beirut,레바논
305,앵글리아 러스킨 대학교,Anglia Ruskin University (ARU),영국
306,바라나시 힌두 대학교,Banaras Hindu University,인도
307,벤구리온 네게브 대학교,Ben-Gurion University of the Negev,이스라엘
308,비를라 공과과학대학교 필라니,Birla Institute of Technology and Science  Pilani,인도
309,본머스 대학교,Bournemouth University,영국
310,카이로 대학교,Cairo University,이집트
311,캄푸스 비오메디코 로마 대학교,Campus Bio-Medico University of Rome,이탈리아
312,찰스 대학교,Charles University,체코
313,쭐랄롱꼰 대학교,Chulalongkorn University,태국
314,클로드 베르나르 리옹 1 대학교,Claude Bernard University Lyon 1,프랑스
315,콜로라도 주립대학교 포트콜린스,Colorado State University  Fort Collins,미국
316,다포딜 국제대학교,Daffodil International University (DIU),방글라데시
317,드렉셀 대학교,Drexel University,미국
318,에디스 코완 대학교,Edith Cowan University,오스트레일리아
319,페더레이션 대학교,Federation University Australia,오스트레일리아
320,프리드리히 실러 예나 대학교,Friedrich Schiller University Jena,독일
321,조지 메이슨 대학교,George Mason University,미국
322,조지아 주립대학교,Georgia State University,미국
323,한양대학교,Hanyang University,대한민국
324,제임스 쿡 대학교,James Cook University,오스트레일리아
325,장쑤 대학교,Jiangsu University,중국
326,지난 대학교 (중국),Jinan University (China),중국
327,킬 대학교,Keele University,영국
328,케르만샤 의과대학,Kermanshah University of Medical Sciences,이란
329,킹 칼리드 대학교,King Khalid University,사우디아라비아
330,고베 대학교,Kobe University,일본
331,코치 대학교,Koç University,터키
332,리버풀 존 무어스 대학교,Liverpool John Moores University,영국
333,러블리 프로페셔널 대학교,Lovely Professional University,인도
334,마니팔 고등교육원,Manipal Academy of Higher Education,인도
335,미들섹스 대학교,Middlesex University,영국
336,아테네 국립 카포디스트리아 대학교,National and Kapodistrian University of Athens,그리스
337,국립 성공 대학교 (NCKU),National Cheng Kung University (NCKU),대만
338,노르웨이 과학기술대학교,Norwegian University of Science and Technology,노르웨이
339,외레브로 대학교,Örebro University,스웨덴
340,펀자브 대학교,Panjab University,인도
341,RMIT 대학교,RMIT University,오스트레일리아
342,러시 대학교,Rush University,미국
343,러트거스 대학교 뉴브런즈윅,Rutgers University – New Brunswick,미국
344,세인트루이스 대학교,Saint Louis University,미국
345,화남이공대학교,South China University of Technology,중국
346,동남대학교,Southeast University,중국
347,뉴욕주립대학교 올버니,SUNY University at Albany,미국
348,스완지 대학교,Swansea University,영국
349,테헤란 의과대학,Tehran University of Medical Sciences,이란
350,가톨릭대학교,The Catholic University of Korea,대한민국
351,얼스터 대학교,Ulster University,영국
352,상파울루 연방대학교 (UNIFESP),Universidade Federal de São Paulo (UNIFESP),브라질
353,히우그란지두술 연방대학교,Universidade Federal do Rio Grande do Sul,브라질
354,코트다쥐르 대학교,Université Côte d'Azur,프랑스
355,그르노블 알프 대학교,Université Grenoble Alpes,프랑스
356,말레이시아 국립대학교,Universiti Kebangsaan Malaysia,말레이시아
357,센트럴 플로리다 대학교,University of Central Florida,미국
358,코임브라 대학교,University of Coimbra,포르투갈
359,코네티컷 대학교,University of Connecticut,미국
360,크리티 대학교,University of Crete,그리스
361,델라웨어 대학교,University of Delaware,미국
362,이스트 앵글리아 대학교,University of East Anglia,영국
363,페라라 대학교,University of Ferrara,이탈리아
364,조지아 대학교 (미국),University of Georgia (USA),미국
365,그리니치 대학교,University of Greenwich,영국
366,그라이스발트 대학교,University of Greifswald,독일
367,하와이 마노아 대학교,University of Hawai’i at Mānoa,미국
368,인수브리아 대학교,University of Insubria,이탈리아
369,켄트 대학교,University of Kent,영국
370,콰줄루나탈 대학교,University of KwaZulu-Natal,남아프리카공화국
371,릴 대학교,University of Lille,프랑스
372,리스본 대학교,University of Lisbon,포르투갈
373,로렌 대학교,University of Lorraine,프랑스
374,마르부르크 대학교,University of Marburg,독일
375,메시나 대학교,University of Messina,이탈리아
376,모데나 레조에밀리아 대학교,University of Modena and Reggio Emilia,이탈리아
377,몽스 대학교,University of Mons,벨기에
378,네브래스카 메디컬센터 대학교,University of Nebraska Medical Center,미국
379,오울루 대학교,University of Oulu,핀란드
380,팔레르모 대학교,University of Palermo,이탈리아
381,살레르노 대학교,University of Salerno,이탈리아
382,서스캐처원 대학교,University of Saskatchewan,캐나다
383,시에나 대학교,University of Siena,이탈리아
384,사우스캐롤라이나 대학교-컬럼비아,University of South Carolina-Columbia,미국
385,사우스플로리다 대학교,University of South Florida,미국
386,타르투 대학교,University of Tartu,에스토니아
387,태즈메이니아 대학교,University of Tasmania,호주
388,툴루즈 대학교,University of Toulouse,프랑스
389,트리에스테 대학교,University of Trieste,이탈리아
390,울산대학교,University of Ulsan,대한민국
391,빅토리아 대학교,Victoria University,호주
392,버지니아 폴리텍 주립대학교,Virginia Polytechnic Institute and State University,미국
393,웨이크 포레스트 대학교,Wake Forest University,미국
394,워싱턴 주립대학교,Washington State University,미국
395,웨인 주립대학교,Wayne State University,미국
396,브로츠와프 의과대학교,Wroclaw Medical University,폴란드
397,샤먼 대학교,Xiamen University,중국
398,요크 대학교,York University,캐나다
399,알 아인 대학교,Al Ain University,아랍에미리트
400,아미티 대학교 노이다,Amity University  Noida,인도
401,아라비아만 대학교,Arabian Gulf University,바레인
402,아리스토텔레스 대학교,Aristotle University of Thessaloniki,그리스
403,아시아 대학교 (대만),Asia University  Taiwan,대만
404,바르일란 대학교,Bar-Ilan University,이스라엘
405,브루넬 런던 대학교,Brunel University of London,영국
406,캐피탈 의과대학교,Capital Medical University,중국
407,센트럴 퀸즐랜드 대학교,Central Queensland University,호주
408,창궁대학교,Chang Gung University,대만
409,중국 의과대학교 (대만),China Medical University  Taiwan,대만
410,중국 약학대학교,China Pharmaceutical University,중국
411,전남대학교,Chonnam National University,대한민국
412,중앙대학교,Chung-Ang University,대한민국
413,키프로스 기술대학교,Cyprus University of Technology,키프로스
414,더블린 시티 대학교,Dublin City University,아일랜드
415,유탄 대학교,Duy Tan University,베트남
416,화동이공대학교,East China University of Science and Technology,중국
417,에든버러 네이피어 대학교,Edinburgh Napier University,영국
418,이화여자대학교,Ewha Womans University,대한민국
419,플로리다 인터내셔널 대학교,Florida International University,미국
420,플로리다 주립대학교,Florida State University,미국
421,가브리엘레 단눈치오 대학교,Gabriele d‘Annunzio University,이탈리아
422,가천대학교,Gachon University,대한민국
423,글래스고 칼레도니안 대학교,Glasgow Caledonian University,영국
424,하체테페 대학교,Hacettepe University,튀르키예
425,아테네 하로코피오 대학교,Harokopio University of Athens,그리스
426,야기엘로니안 대학교,Jagiellonian University,폴란드
427,자미아 밀리아 이슬라미아 대학교,Jamia Millia Islamia,인도
428,자잔 대학교,Jazan University,사우디아라비아
429,준텐도 대학교,Juntendo University,일본
430,킨다이 대학교,Kindai University,일본
431,킹 파이살 대학교,King Faisal University,사우디아라비아
432,구마모토 대학교,Kumamoto University,일본
433,쿠웨이트 대학교,Kuwait University,쿠웨이트
434,경북대학교,Kyungpook National University (KNU),대한민국
435,레바논 대학교,Lebanese University,레바논
436,런던 사우스뱅크 대학교,London South Bank University,영국
437,루이지애나 주립대학교,Louisiana State University,미국
438,맨체스터 메트로폴리탄 대학교,Manchester Metropolitan University,영국
439,마르케 폴리테크닉 대학교,Marche Polytechnic University,이탈리아
440,난징 의과대학,Nanjing Medical University,중국
441,나자르바예프 대학교,Nazarbayev University,카자흐스탄
442,뉴멕시코 주립대학교 (메인 캠퍼스),New Mexico State University (Main campus),미국
443,노스 사우스 대학교,North South University,방글라데시
444,오하이오 대학교 (메인 캠퍼스),Ohio University (Main campus),미국
445,가톨릭대학교(칠레),Pontificia Universidad Católica de Chile,칠레
446,부산대학교,Pusan National University,대한민국
447,카심 대학교,Qassim University,사우디아라비아
448,카즈빈 의과대학,Qazvin University of Medical Sciences,이란
449,샌디에이고 주립대학교,San Diego State University,미국
450,샤히드 베헤쉬티 의과대학,Shahid Beheshti University of Medical Sciences,이란
451,슐리니 생명과학경영대학교,Shoolini University of Biotechnology and Management Sciences,인도
452,쑤저우대학교 (중국),Soochow University  China,중국
453,순천향대학교,Soonchunhyang University,대한민국
454,스토니브룩 대학교,Stony Brook University,미국
455,술탄 카부스 대학교,Sultan Qaboos University,오만
456,스윈번 공과대학교,Swinburne University of Technology,오스트레일리아
457,템플 대학교,Temple University,미국
458,노르웨이 북극대학교 (UiT),UiT The Arctic University of Norway,노르웨이
459,말레이시아 과학대학교 (USM),Universiti Sains Malaysia,말레이시아
460,아칸소 대학교,University of Arkansas,미국
461,바리 알도 모로 대학교,University of Bari Aldo Moro,이탈리아
462,브라이튼 대학교,University of Brighton,영국
463,칼리아리 대학교,University of Cagliari,이탈리아
464,캘리포니아 대학교 리버사이드 캠퍼스,University of California  Riverside,미국
465,캄파니아 루이지 반비텔리 대학교,University of Campania Luigi Vanvitelli,이탈리아
466,캔버라 대학교,University of Canberra,오스트레일리아
467,동부 핀란드 대학교,University of Eastern Finland,핀란드
468,프리부르 대학교,University of Fribourg,스위스
469,하일 대학교,University of Ha’il,사우디아라비아
470,휴스턴 대학교,University of Houston,미국
471,헐 대학교,University of Hull,영국
472,이바단 대학교,University of Ibadan,나이지리아
473,아이슬란드 대학교,University of Iceland,아이슬란드
474,위배스킬레 대학교,University of Jyväskylä,핀란드
475,라고스 대학교,University of Lagos,나이지리아
476,라퀼라 대학교,University of L’Aquila,이탈리아
477,리머릭 대학교,University of Limerick,아일랜드
478,경영기술대학교,University of Management and Technology,파키스탄
479,미뉴 대학교,University of Minho,포르투갈
480,노스캐롤라이나 대학교 샬럿 캠퍼스,University of North Carolina at Charlotte,미국
481,파르마 대학교,University of Parma,이탈리아
482,페치 대학교,University of Pécs,헝가리
483,포츠머스 대학교,University of Portsmouth,영국
484,렌1 대학교,University of Rennes 1,프랑스
485,산티아고 데 콤포스텔라 대학교,University of Santiago de Compostela,스페인
486,사르고다 대학교,University of Sargodha,파키스탄
487,사사리 대학교,University of Sassari,이탈리아
488,세비야 대학교,University of Seville,스페인
489,서던 퀸즐랜드 대학교,University of Southern Queensland,오스트레일리아
490,스터링 대학교,University of Stirling,영국
491,바스크 지방 대학교,University of the Basque Country,스페인
492,선샤인 코스트 대학교,University of the Sunshine Coast,오스트레일리아
493,웨스턴 케이프 대학교,University of the Western Cape,남아프리카공화국
494,UWE 브리스틀 (웨스트 잉글랜드 대학교),UWE Bristol (University of the West of England),영국
495,우디네 대학교,University of Udine,이탈리아
496,발렌시아 대학교,University of Valencia,스페인
497,웰링턴 빅토리아 대학교,Victoria University of Wellington,뉴질랜드
498,빌뉴스 대학교,Vilnius University,리투아니아
499,요코하마 시립대학교,Yokohama City University,일본
500,아인 샴스 대학교,Ain Shams University,이집트
501,알아즈하르 대학교,Al-Azhar University,이집트
502,알보르즈 의과대학,Alborz University of Medical Sciences,이란
503,알렉산드리아 대학교,Alexandria University,이집트
504,알리가르 무슬림 대학교,Aligarh Muslim University,인도
505,아라크 의과대학,Arak University of Medical Sciences,이란
506,오번 대학교,Auburn University,미국
507,바볼 의과대학,Babol University of Medical Sciences,이란
508,방고르 대학교,Bangor University,영국
509,베일러 대학교,Baylor University,미국
510,베이루트 아랍 대학교,Beirut Arab University,레바논
511,버밍엄 시립대학교,Birmingham City University,영국
512,브랙 대학교,BRAC University,방글라데시
513,센트럴 미시간 대학교,Central Michigan University,미국
514,찰스 다윈 대학교,Charles Darwin University,호주
515,지바 대학교,Chiba University,일본
516,치트카라 대학교,Chitkara University,인도
517,유러피언 키프로스 대학교,European University Cyprus,키프로스
518,마드리드 유러피언 대학교,European University of Madrid,스페인
519,푸젠 농업임업대학교,Fujian Agriculture and Forestry University,중국
520,파이살라바드 공립대학,Government College University Faisalabad,파키스탄
521,광저우 의과대학,Guangzhou Medical University,중국
522,하노이 의과대학,Hanoi Medical University,베트남
523,히로시마 대학교,Hiroshima University,일본
524,이란 의과대학,Iran University of Medical Sciences,이란
525,자미아 함다르 대학교,Jamia Hamdard University,인도
526,웬셰핑 대학교,Jönköping University,스웨덴
527,요르단 과학기술대학교,Jordan University of Science and Technology,요르단
528,주프 대학교,Jouf University,사우디아라비아
529,가나자와 대학교,Kanazawa University,일본
530,케르만 의과대학,Kerman University of Medical Sciences,이란
531,KIIT 대학교,KIIT University,인도
532,킹 사우드 빈 압둘아지즈 보건과학대학,King Saud bin Abdulaziz University for Health Sciences,사우디아라비아
533,쿠르디스탄 의과대학,Kurdistan University of Medical Sciences,이란
534,리즈 베케트 대학교,Leeds Beckett University,영국
535,로레스탄 의과대학,Lorestan University of Medical Sciences,이란
536,만수라 대학교,Mansoura University,이집트
537,마사리크 대학교,Masaryk University,체코
538,매시 대학교,Massey University,뉴질랜드
539,메모리얼 뉴펀들랜드 대학교,Memorial University of Newfoundland,캐나다
540,미주리 대학교 (미주),Mizzou - University of Missouri,미국
541,국립 칭화대학교,National Tsing Hua University,대만
542,노섬브리아 대학교,Northumbria University,영국
543,노스웨스트 대학교,North-West University,남아프리카공화국
544,리스본 노바 대학교,NOVA University of Lisbon,포르투갈
545,오클랜드 대학교 (미국),Oakland University,미국
546,오카야마 대학교,Okayama University,일본
547,오클라호마 주립대학교,Oklahoma State University,미국
548,프린세스 누라 빈트 압둘라만 대학교,Princess Nourah bint Abdulrahman University,사우디아라비아
549,셰필드 할람 대학교,Sheffield Hallam University,영국
550,쉬라즈 의과대학,Shiraz University of Medical Sciences,이란
551,서던일리노이 대학교 카본데일,Southern Illinois University Carbondale,미국
552,선웨이 대학교,Sunway University,말레이시아
553,타브리즈 의과대학,Tabriz University of Medical Sciences,이란
554,타이프 대학교,Taif University,사우디아라비아
555,몬테레이 공과대학교,Tecnológico de Monterrey,멕시코
556,이슬라미아 바하왈푸르 대학교,The Islamia University of Bahawalpur,파키스탄
557,요르단 대학교,The University of Jordan,요르단
558,테네시대학교 녹스빌,The University of Tennessee-Knoxville,미국
559,떤득탕 대학교,Ton Duc Thang University,베트남
560,토론토 메트로폴리탄 대학교,Toronto Metropolitan University,캐나다
561,움 알쿠라 대학교,Umm Al-Qura University,사우디아라비아
562,상파울루 주립대학교 (Unesp),Universidade Estadual Paulista (Unesp),브라질
563,서부 브르타뉴 대학교,Université de Bretagne Occidentale,프랑스
564,푸아티에 대학교,Université de Poitiers,프랑스
565,퀘벡 대학교,Université du Québec,캐나다
566,보츠와나 대학교,University of Botswana,보츠와나
567,클레르몽 오베르뉴 대학교,University of Clermont Auvergne,프랑스
568,콜롬보 대학교,University of Colombo,스리랑카
569,데브레첸 대학교,University of Debrecen,헝가리
570,에식스 대학교,University of Essex,영국
571,포자 대학교,University of Foggia,이탈리아
572,그라나다 대학교,University of Granada,스페인
573,하이파 대학교,University of Haifa,이스라엘
574,허트퍼드셔 대학교,University of Hertfordshire,영국
575,허더즈필드 대학교,University of Huddersfield,영국
576,인도네시아 대학교,University of Indonesia,인도네시아
577,요하네스버그 대학교,University of Johannesburg,남아프리카공화국
578,크라구예바츠 대학교,University of Kragujevac,세르비아
579,라호르 대학교,University of Lahore,파키스탄
580,라트비아 대학교,University of Latvia,라트비아
581,링컨 대학교,University of Lincoln,영국
582,류블랴나 대학교,University of Ljubljana,슬로베니아
583,네바다대학교 라스베이거스,University of Nevada  Las Vegas,미국
584,니코시아 대학교,University of Nicosia,키프로스
585,페라데니야 대학교,University of Peradeniya,스리랑카
586,플리머스 대학교,University of Plymouth,영국
587,프리토리아 대학교,University of Pretoria,남아프리카공화국
588,레지나 대학교,University of Regina,캐나다
589,루앙 노르망디 대학교,University of Rouen Normandie,프랑스
590,세게드 대학교,University of Szeged,헝가리
591,발레아레스 제도 대학교,University of the Balearic Islands,스페인
592,필리핀 대학교,University of the Philippines,필리핀
593,투르 대학교,University of Tours,프랑스
594,와이카토 대학교,University of Waikato,뉴질랜드
595,우르미아 의과대학,Urmia University of Medical Sciences,이란
596,베트남 국립대학교 하노이,Vietnam National University  Hanoi,베트남
597,양저우 대학교,Yangzhou University,중국
598,아흐마두 벨로 대학교,Ahmadu Bello University,나이지리아
599,알-아흘리야 암만 대학교,Al-Ahliyya Amman University,요르단
600,알-바하 대학교,Al-Baha University,사우디아라비아
601,알파라비 카자흐 국립대학교,Al-Farabi Kazakh National University,카자흐스탄
602,아나돌루 대학교,Anadolu University,튀르키예
603,안-나자흐 국립대학교,An-Najah National University,팔레스타인
604,응용과학 사립대학교,Applied Science Private University,요르단
605,아리엘 대학교,Ariel University,이스라엘
606,아타튀르크 대학교,Atatürk University,튀르키예
607,오스트랄 대학교,Austral University,아르헨티나
608,바하우딘 자카리야 대학교,Bahauddin Zakariya University,파키스탄
609,바키야톨라 의과대학,Baqiyatallah University of Medical Sciences,이란
610,베니수에프 대학교,Beni-Suef University,이집트
611,비르잔드 의과대학,Birjand University of Medical Sciences,이란
612,캔터베리 크라이스트 처치 대학교,Canterbury Christ Church University,영국
613,카디프 메트로폴리탄 대학교,Cardiff Metropolitan University,영국
614,포르투갈 가톨릭 대학교,Catholic University of Portugal,포르투갈
615,찰스 스터트 대학교,Charles Sturt University,오스트레일리아
616,치앙마이 대학교,Chiang Mai University,태국
617,충북대학교,Chungbuk National University,대한민국
618,충남대학교,Chungnam National University,대한민국
619,코번트리 대학교,Coventry University,영국
620,다롄 이공대학교,Dalian University of Technology,중국
621,다만후르 대학교,Damanhour University,이집트
622,닷타 메게 고등교육 및 연구기관,Datta Meghe Institute of Higher Education & Research (Deemed to be University),인도
623,데모크리토스 트라키아 대학교,Democritus University of Thrace,그리스
624,드 몬트포트 대학교,De Montfort University,영국
625,더반 공과대학교,Durban University of Technology,남아프리카공화국
626,동지중해대학교,Eastern Mediterranean University,북키프로스
627,에게 대학교,Ege University,튀르키예
628,에히메 대학교,Ehime University,일본
629,미나스제라이스 연방대학교,Federal University of Minas Gerais,브라질
630,리우데자네이루 연방대학교,Federal University of Rio de Janeiro,브라질
631,우베를란디아 연방대학교,Federal University of Uberlândia,브라질
632,플로리다 애틀랜틱 대학교,Florida Atlantic University,미국
633,푸젠 가톨릭 대학교,Fu Jen Catholic University,대만
634,후지타 의과대학교,Fujita Health University,일본
635,기후 대학교,Gifu University,일본
636,골레스탄 의과대학,Golestan University of Medical Sciences,이란
637,길란 의과대학,Guilan University of Medical Sciences,이란
638,경상국립대학교,Gyeongsang National University,대한민국
639,한림대학교,Hallym University,대한민국
640,하마단 의과대학(UMSHA),Hamadan University of Medical Sciences (UMSHA),이란
641,하마마츠 의과대학교,Hamamatsu University School of Medicine,일본
642,이세시 대학교,Icesi University,콜롬비아
643,일람 의과대학,Ilam University of Medical Sciences,이란
644,인하대학교,Inha University,대한민국
645,이스파한 의과대학,Isfahan University of Medical Sciences,이란
646,이스탄불 대학교,Istanbul University,튀르키예
647,이스탄불 대학교-제라파샤,Istanbul University-Cerrahpaşa,튀르키예
648,클루지나포카 의과약학대학교(Iuliu Hațieganu),Iuliu Haţieganu University of Medicine and Pharmacy Cluj-Napoca,루마니아
649,하우메 1세 대학교,Jaume I University,스페인
650,전북대학교,Jeonbuk National University,대한민국
651,장난 대학교,Jiangnan University,중국
652,짐마 대학교,Jimma University,에티오피아
653,JSS 고등교육연구원,JSS Academy of Higher Education and Research,인도
654,카프르엘셰이크 대학교,Kafrelsheikh University,이집트
655,가가와 대학교,Kagawa University,일본
656,간사이 의과대학교,Kansai Medical University,일본
657,캔자스 주립대학교,Kansas State University,미국
658,가오슝 의과대학교,Kaohsiung Medical University,대만
659,콘캔 대학교,Khon Kaen University,태국
660,킹스턴 대학교,Kingston University,영국
661,구루메 대학교,Kurume University,일본
662,크와메 은크루마 과학기술대학교,Kwame Nkrumah University of Science and Technology,가나
663,교토부립의과대학교,Kyoto Prefectural University of Medicine,일본
664,레이크헤드 대학교,Lakehead University,캐나다
665,리투아니아 보건과학대학교,Lithuanian University of Health Sciences,리투아니아
666,마하리시 마르칸데슈와르 대학교(MMU),Maharishi Markandeshwar University (MMU),인도
667,마즈마 대학교,Majmaah University,사우디아라비아
668,마케레레 대학교,Makerere University,우간다
669,마슈하드 의과대학,Mashhad University of Medical Sciences,이란
670,마잔다란 의과대학,Mazandaran University of Medical Sciences,이란
671,그단스크 의과대학,Medical University of Gdańsk,폴란드
672,우치 의과대학,Medical University of Lodz,폴란드
673,바르샤바 의과대학,Medical University of Warsaw,폴란드
674,엘체 미겔 에르난데스 대학교,Miguel Hernández University of Elche,스페인
675,몬태나 주립대학교,Montana State University,미국
676,나가사키 대학교,Nagasaki University,일본
677,나고야 시립대학교,Nagoya City University,일본
678,나즈란 대학교,Najran University,사우디아라비아
679,멕시코 국립자치대학교,National Autonomous University of Mexico,멕시코
680,중흥대학교(국립 중흥대학교),National Chung Hsing University,대만
681,국립 중산대학교,National Sun Yat-Sen University,대만
682,콜롬비아 국립대학교,National University of Colombia,콜롬비아
683,니가타 대학교,Niigata University,일본
684,일본의과대학,Nippon Medical School,일본
685,카탈루냐 온라인 대학교,Open University of Catalonia,스페인
686,오사카 메트로폴리탄 대학교,Osaka Metropolitan University,일본
687,옥스퍼드 브룩스 대학교,Oxford Brookes University,영국
688,팔라츠키 대학교 올로모우츠,Palacký University Olomouc,체코
689,포르투 폴리테크닉 대학교,Polytechnic Institute of Porto,포르투갈
690,리우그란데두술 가톨릭 대학교(PUCRS),Pontifical Catholic University of Rio Grande do Sul (PUCRS),브라질
691,프린스 사탐 빈 압둘아지즈 대학교,Prince Sattam Bin Abdulaziz University,사우디아라비아
692,나바라 공립대학교,Public University of Navarre,스페인
693,칭다오 대학교,Qingdao University,중국
694,로비라 이 비르질리 대학교,Rovira i Virgili University,스페인
695,로완 대학교,Rowan University,미국
696,사띠야바마 과학기술대학,Sathyabama Institute of Science and Technology,인도
697,샤흐레코르드 의과대학,Shahrekord University of Medical Sciences,이란
698,산터우 대학교,Shantou University,중국
699,서던 크로스 대학교,Southern Cross University,호주
700,SRM 과학기술대학교,SRM Institute of Science and Technology,인도
701,수에즈 운하 대학교,Suez Canal University,이집트
702,수미 주립대학교,Sumy State University,우크라이나
703,빙엄턴 대학교(SUNY),SUNY Binghamton University,미국
704,심바이오시스 국제대학교,Symbiosis International University,인도
705,타이바 대학교,Taibah University,사우디아라비아
706,더블린 공과대학교,Technological University Dublin,아일랜드
707,티사이드 대학교,Teesside University,영국
708,지케이 의과대학,The Jikei University School of Medicine,일본
709,앨라배마 대학교,The University of Alabama,미국
710,노트르담 오스트레일리아 대학교,The University of Notre Dame Australia,호주
711,서인도 제도 대학교,The University of the West Indies,자메이카
712,도카이 대학교,Tokai University,일본
713,도쿠시마 대학교,Tokushima University,일본
714,도쿄 의과대학,Tokyo Medical University,일본
715,트리부반 대학교,Tribhuvan University,네팔
716,브라운슈바이크 공과대학교,TU Braunschweig,독일
717,에스피리투 산토 대학교(UEES),UEES  Espiritu Santo University,에콰도르
718,카르타헤나 대학교,Universidad de Cartagena,콜롬비아
719,에두아르두 몬들라네 대학교,Universidade Eduardo Mondlane,모잠비크
720,산타카타리나 연방대학교,Universidade Federal de Santa Catarina,브라질
721,프란시스코 데 비토리아 대학교,Universidad Francisco de Vitoria,스페인
722,페루 카예타노 에레디아 대학교,Universidad Peruana Cayetano Heredia,페루
723,아이를랑가 대학교,Universitas Airlangga,인도네시아
724,가자마다 대학교,Universitas Gadjah Mada,인도네시아
725,카탈루냐 국제대학교,Universitat Internacional de Catalunya,스페인
726,브루나이 다루살람 대학교,Universiti Brunei Darussalam,브루나이
727,푸트라 말레이시아 대학교,Universiti Putra Malaysia,말레이시아
728,술탄 자이나알 아비딘 대학교,Universiti Sultan Zainal Abidin,말레이시아
729,툰쿠 압둘 라만 대학교(UTAR),Universiti Tunku Abdul Rahman (UTAR),말레이시아
730,아 코로나 대학교,University of A Coruña,스페인
731,알칼라 대학교,University of Alcalá,스페인
732,알가르브 대학교,University of Algarve,포르투갈
733,알메리아 대학교,University of Almería,스페인
734,앙제 대학교,University of Angers,프랑스
735,아베이루 대학교,University of Aveiro,포르투갈
736,베이라 인테리오르 대학교,University of Beira Interior,포르투갈
737,베닌 대학교,University of Benin,나이지리아
738,브래드퍼드 대학교,University of Bradford,영국
739,카메리노 대학교(Unicam),University of Camerino (Unicam),이탈리아
740,캔터베리 대학교,University of Canterbury,뉴질랜드
741,케이프 코스트 대학교,University of Cape Coast,가나
742,카스티야라만차 대학교,University of Castilla-La Mancha,스페인
743,센트럴 랭커셔 대학교,University of Central Lancashire,영국
744,칠레 대학교,University of Chile,칠레
745,코르도바 대학교,University of Córdoba,스페인
746,다카 대학교,University of Dhaka,방글라데시
747,이스트 런던 대학교,University of East London,영국
748,가나 대학교,University of Ghana,가나
749,지로나 대학교,University of Girona,스페인
750,이오아니나 대학교,University of Ioannina,그리스
751,하엔 대학교,University of Jaén,스페인
752,제다 대학교,University of Jeddah,사우디아라비아
753,라 프론테라 대학교,University of La Frontera,칠레
754,라스팔마스 데 그란카나리아 대학교,University of Las Palmas de Gran Canaria,스페인
755,예이다 대학교,University of Lleida,스페인
756,말라가 대학교,University of Malaga,스페인
757,몰타 대학교,University of Malta,몰타
758,카롤 다빌라 의약대학,University of Medicine and Pharmacy Carol Davila,루마니아
759,무르시아 대학교,University of Murcia,스페인
760,나이로비 대학교,University of Nairobi,케냐
761,일본 산업환경보건대학교,University of Occupational and Environmental Health  Japan,일본
762,오비에도 대학교,University of Oviedo,스페인
763,파트라스 대학교,University of Patras,그리스
764,로드아일랜드 대학교,University of Rhode Island,미국
765,사닷 시티 대학교,University of Sadat City,이집트
766,살라망카 대학교,University of Salamanca,스페인
767,샐퍼드 대학교,University of Salford,영국
768,산토 토마스 대학교,University of Santo Tomas,필리핀
769,사우스 웨일스 대학교,University of South Wales,영국
770,스타방에르 대학교,University of Stavanger,노르웨이
771,타브리즈 대학교,University of Tabriz,이란
772,타부크 대학교,University of Tabuk,사우디아라비아
773,텍사스 대학교 알링턴 캠퍼스,University of Texas at Arlington,미국
774,텍사스 대학교 엘패소 캠퍼스,University of Texas at El Paso,미국
775,테살리아 대학교,University of Thessaly,그리스
776,웨스트 오브 스코틀랜드 대학교,University of the West of Scotland,영국
777,톨레도 대학교,University of Toledo,미국
778,도야마 대학교,University of Toyama,일본
779,트라스-오스-몬치스 및 알투 도루 대학교,University of Trás-os-Montes and Alto Douro,포르투갈
780,튀니스 엘 마나르 대학교,University of Tunis El Manar,튀니지
781,빅 대학교 – 카탈루냐 중앙대학교,University of Vic – Central University of Catalonia,스페인
782,올슈틴 바르미아-마주리 대학교,University of Warmia and Mazury in Olsztyn,폴란드
783,와이오밍 대학교,University of Wyoming,미국
784,자그레브 대학교,University of Zagreb,크로아티아
785,사라고사 대학교,University of Zaragoza,스페인
786,짐바브웨 대학교,University of Zimbabwe,짐바브웨
787,레이 후안 카를로스 대학교,University Rey Juan Carlos,스페인
788,베트남 국가대학교 (호치민시),Vietnam National University (Ho Chi Minh City),베트남
789,와카야마 의과대학교,Wakayama Medical University,일본
790,왈라일락 대학교,Walailak University,태국
791,와세다 대학교,Waseda University,일본
792,원저우 의과대학교,Wenzhou Medical University,중국
793,야르무크 대학교,Yarmouk University,요르단
794,영남대학교,Yeungnam University,대한민국
795,자헤단 의과대학교,Zahedan University of Medical Sciences,이란
796,잔잔 의과대학교,Zanjan University of Medical Sciences,이란
797,저장과학기술대학교,Zhejiang University of Technology,중국
798,아지바뎀 대학교,Acıbadem University,터키
799,아이치 의과대학교,Aichi Medical University,일본
800,악데니즈 대학교,Akdeniz University,터키
801,아키타 대학교,Akita University,일본
802,알발카 응용과학대학교,Al-Balqa Applied University,요르단
803,알자이투나 요르단 대학교,Al-Zaytoonah University of Jordan,요르단
804,앙카라 대학교,Ankara University,터키
805,아시우트 대학교,Assiut University,이집트
806,아이딘 아드난 멘데레스 대학교,Aydın Adnan Menderes University,터키
807,바흐체셰히르 대학교,Bahçeşehir University,터키
808,반둥 공과대학교(ITB),Bandung Institute of Technology (ITB),인도네시아
809,바예로 대학교,Bayero University,나이지리아
810,벤하 대학교,Benha University,이집트
811,볼링 그린 주립대학교,Bowling Green State University,미국
812,부르사 울루다 대학교,Bursa Uludağ University,터키
813,창궁 과학기술대학교,Chang Gung University of Science and Technology,대만
814,청두 대학교,Chengdu University,중국
815,조선대학교,Chosun University,대한민국
816,중산 의과대학교,Chung Shan Medical University,대만
817,브라티슬라바 코멘뉴스 대학교,Comenius University in Bratislava,슬로바키아
818,단국대학교,Dankook University,대한민국
819,디클레 대학교,Dicle University,터키
820,도쿄 의과대학교,Dokkyo Medical University,일본
821,도쿠즈 에일룰 대학교,Dokuz Eylül University,터키
822,다우 보건과학대학교,Dow University of Health Sciences,파키스탄
823,디와이 파틸 대학교 푸네,Dr D. Y. Patil Vidyapeeth  Pune,인도
824,엣지 힐 대학교,Edge Hill University,영국
825,에르지예스 대학교,Erciyes University,터키
826,파이윰 대학교,Fayoum University,이집트
827,에스피리투 산투 연방대학교,Federal University of Espírito Santo,브라질
828,고이아스 연방대학교,Federal University of Goiás,브라질
829,펠로타스 연방대학교,Federal University of Pelotas,브라질
830,북리우그란데 연방대학교 (UFRN),Federal University of Rio Grande do Norte (UFRN),브라질
831,산타마리아 연방대학교,Federal University of Santa Maria,브라질
832,상카를루스 연방대학교,Federal University of São Carlos,브라질
833,피랏 대학교,Firat University,터키
834,플루미넨시 연방대학교,Fluminense Federal University,브라질
835,가지 대학교,Gazi University,터키
836,조르제 에밀 팔라데 의과·약학·과학·기술대학교,George Emil Palade University of Medicine  Pharmacy  Science  and Technology of Targu Mures,루마니아
837,조지아 서던 대학교,Georgia Southern University,미국
838,군마 대학교,Gunma University,일본
839,항저우 사범대학교,Hangzhou Normal University,중국
840,헬완 대학교,Helwan University,이집트
841,효고 의과대학교,Hyogo Medical University,일본
842,비아나두카스텔루 공과대학교,Instituto Politécnico de Viana do Castelo,포르투갈
843,국제 헬레닉 대학교,International Hellenic University,그리스
844,이쇼우 대학교,I-Shou University,대만
845,이스탄불 메데니예트 대학교,Istanbul Medeniyet University,터키
846,제주대학교,Jeju National University,대한민국
847,장한 대학교,Jianghan University,중국
848,가고시마 대학교,Kagoshima University,일본
849,강원대학교,Kangwon National University,대한민국
850,카셋삿 대학교,Kasetsart University,태국
851,카트만두 대학교,Kathmandu University,네팔
852,기타사토 대학교,Kitasato University,일본
853,고치 대학교,Kochi University,일본
854,론드리나 주립대학교,Londrina State University,브라질
855,매파룽 대학교,Mae Fah Luang University,태국
856,매니지먼트 앤 사이언스 대학교 (MSU),Management & Science University (MSU),말레이시아
857,마르마라 대학교,Marmara University,터키
858,비알리스톡 의과대학교,Medical University of Bialystok,폴란드
859,루블린 의과대학교,Medical University of Lublin,폴란드
860,카토비체 실레시아 의과대학교,Medical University of Silesia in Katowice,폴란드
861,소피아 의과대학교,Medical University of Sofia,불가리아
862,메트로폴리탄 자치대학교,Metropolitan Autonomous University,멕시코
863,미에 대학교,Mie University,일본
864,미니아 대학교,Minia University,이집트
865,모하메드 5세 대학교 라바트,Mohammed V University of Rabat,모로코
866,무타 대학교,Mutah University,요르단
867,코르도바 국립대학교,National University of Córdoba,아르헨티나
868,라플라타 국립대학교,National University of La Plata,아르헨티나
869,근동대학교,Near East University,북키프로스
870,네즈메틴 에르바칸 대학교,Necmettin Erbakan University,터키
871,니콜라우스 코페르니쿠스 대학교,Nicolaus Copernicus University in Toruń,폴란드
872,노던일리노이 대학교,Northern Illinois University,미국
873,노바 사우스이스턴 대학교,Nova Southeastern University,미국
874,오바페미 아월로워 대학교,Obafemi Awolowo University,나이지리아
875,오이타 대학교,Oita University,일본
876,올드 도미니언 대학교,Old Dominion University,미국
877,온타리오 공과대학교,Ontario Tech University,캐나다
878,오사카 의약대학교,Osaka Medical and Pharmaceutical University,일본
879,파볼 요제프 사파릭 대학교,Pavol Jozef Šafárik University in Košice,슬로바키아
880,하베리아나 교황청 대학교,Pontifical Javeriana University,콜롬비아
881,파라나 가톨릭 대학교,Pontifícia Universidade Católica do Paraná,브라질
882,포트 사이드 대학교,Port Said University,이집트
883,포즈난 의과대학교,Poznan University of Medical Sciences,폴란드
884,프린스 오브 송클라 대학교,Prince of Songkla University,태국
885,콤 의과대학교,Qom University of Medical Sciences,이란
886,리가 스트라딘슈 대학교,Riga Stradiņš University,라트비아
887,리파 국제대학교,Riphah International University,파키스탄
888,리츠메이칸 대학교,Ritsumeikan University,일본
889,사가 대학교,Saga University,일본
890,스코페 키릴로스와 메토디오스 대학교,Saints Cyril and Methodius University in Skopje,북마케도니아
891,사이타마 의과대학교,Saitama Medical University,일본
892,삿포로 의과대학교,Sapporo Medical University,일본
893,셀주크 대학교,Selçuk University,터키
894,샤히드 사두기 의과대학교,Shahid Sadoughi University of Medical Sciences,이란
895,샤르다 대학교,Sharda University,인도
896,시가 의과대학교,Shiga University of Medical Science,일본
897,시마네 대학교,Shimane University,일본
898,신슈 대학교,Shinshu University,일본
899,쇼와 대학교,Showa University,일본
900,시디 모하메드 벤 압델라 대학교,Sidi Mohamed Ben Abdellah University,모로코
901,식샤 오 아누산단 대학교,Siksha ‘O’ Anusandhan,인도
902,소피아 대학교,Sofia University,불가리아
903,사우스다코타 주립대학교,South Dakota State University,미국
904,사우스 밸리 대학교,South Valley University (Egypt),이집트
905,쥘레이만 데미렐 대학교,Süleyman Demirel University,터키
906,탄타 대학교,Tanta University,이집트
907,타라스 셰브첸코 키예프 국립대학교,Taras Shevchenko National University of Kyiv,우크라이나
908,테이쿄 대학교,Teikyo University,일본
909,텍사스 주립대학교,Texas State University,미국
910,하셰미테 대학교,The Hashemite University,요르단
911,오픈 유니버시티,The Open University,영국
912,토호 대학교,Toho University,일본
913,도쿄 이과대학,Tokyo University of Science,일본
914,돗토리 대학교,Tottori University,일본
915,츠치 대학교,Tzu Chi University,대만
916,칠레 자치대학교,Universidad Autónoma de Chile,칠레
917,성모 콘셉시온 가톨릭 대학교,Universidad Católica de la Santísima Concepción,칠레
918,마울레 가톨릭 대학교,Universidad Católica del Maule,칠레
919,무르시아 산안토니오 가톨릭 대학교(UCAM),Universidad Católica San Antonio de Murcia (UCAM),스페인
920,델 데사롤로 대학교,Universidad del Desarrollo,칠레
921,리우데자네이루 주립대학교(UERJ),Universidade do Estado do Rio de Janeiro (UERJ),브라질
922,바이아 연방대학교,Universidade Federal da Bahia,브라질
923,포르투알레그리 보건과학 연방대학교(UFCSPA),Universidade Federal de Ciências da Saúde de Porto Alegre (UFCSPA),브라질
924,주이스지포라 연방대학교,Universidade Federal de Juiz de Fora,브라질
925,세르지피 연방대학교,Universidade Federal de Sergipe,브라질
926,세아라 연방대학교(UFC),Universidade Federal do Ceará (UFC),브라질
927,파라나 연방대학교(UFPR),Universidade Federal do Paraná (UFPR),브라질
928,루소포나 대학교,Universidade Lusófona,포르투갈
929,아순시온 국립대학교,Universidad Nacional de Asunción,파라과이
930,산프란시스코 데 키토 대학교,Universidad San Francisco de Quito,에콰도르
931,파자자란 대학교,Universitas Padjadjaran,인도네시아
932,시아쿨라 대학교,Universitas Syiah Kuala,인도네시아
933,라몬 류이 대학교,Universitat Ramon Llull,스페인
934,세인트 조셉 대학교(베이루트),Université Saint-Joseph de Beyrouth,레바논
935,말레이시아 사라왁 대학교(UNIMAS),Universiti Malaysia Sarawak (UNIMAS),말레이시아
936,알리칸테 대학교,University of Alicante,스페인
937,안티오키아 대학교,University of Antioquia,콜롬비아
938,서스위스 응용과학예술대학교,University of Applied Sciences and Arts of Western Switzerland,스위스
939,브라질리아 대학교,University of Brasília,브라질
940,카디스 대학교,University of Cadiz,스페인
941,체스터 대학교,University of Chester,영국
942,콘셉시온 대학교,University of Concepción,칠레
943,코스타리카 대학교,University of Costa Rica,코스타리카
944,더비 대학교,University of Derby,영국
945,프랑슈콩테 대학교,University of Franche-Comté,프랑스
946,후쿠이 대학교,University of Fukui,일본
947,터키 보건과학 대학교,University of Health Sciences  Turkey,터키
948,일로린 대학교,University of Ilorin,나이지리아
949,카라치 대학교,University of Karachi,파키스탄
950,킨샤사 대학교,University of Kinshasa,콩고민주공화국
951,라 라구나 대학교,University of La Laguna,스페인
952,레온 대학교,University of León,스페인
953,레스브리지 대학교,University of Lethbridge,캐나다
954,마리보르 대학교,University of Maribor,슬로베니아
955,크라이오바 의약대학교,University of Medicine and Pharmacy of Craiova,루마니아
956,멤피스 대학교,University of Memphis,미국
957,미야자키 대학교,University of Miyazaki,일본
958,모나스티르 대학교,University of Monastir,튀니지
959,뉴브런즈윅 대학교(UNB),University of New Brunswick UNB,캐나다
960,나이지리아 대학교(은수카),University of Nigeria Nsukka,나이지리아
961,노비사드 대학교,University of Novi Sad,세르비아
962,오라데아 대학교,University of Oradea,루마니아
963,오스트라바 대학교,University of Ostrava,체코
964,프리모르스카 대학교,University of Primorska,슬로베니아
965,푸에르토리코 대학교,University of Puerto Rico,푸에르토리코
966,산티아고 대학교(칠레),University of Santiago  Chile (USACH),칠레
967,스팍스 대학교,University of Sfax,튀니지
968,시즈오카 대학교,University of Shizuoka,일본
969,사회복지재활과학대학교,University of Social Welfare and Rehabilitation Sciences,이란
970,체스케부데요비체 남보헤미아 대학교,University of South Bohemia in České Budějovice,체코
971,사우스다코타 대학교,University of South Dakota,미국
972,스플리트 대학교,University of Split,크로아티아
973,술라이마니 대학교,University of Sulaimani,이라크
974,텍사스대학교 리오그란데밸리 캠퍼스,University of Texas Rio Grande Valley,미국
975,로스안데스 대학교(칠레),University of the Andes  Chile,칠레
976,로스안데스 대학교(콜롬비아),University of the Andes  Colombia,콜롬비아
977,프리스테이트 대학교,University of the Free State,남아프리카공화국
978,류큐 대학교,University of the Ryukyus,일본
979,바야돌리드 대학교,University of Valladolid,스페인
980,울버햄프턴 대학교,University of Wolverhampton,영국
981,야마나시 대학교,University of Yamanashi,일본
982,잠비아 대학교,University of Zambia,잠비아
983,우스마누 단포디오 대학교(소코토),Usmanu Danfodiyo University  Sokoto,나이지리아
984,웨스턴 미시간 대학교,Western Michigan University,미국
985,쉬저우 의과대학교,Xuzhou Medical University,중국
986,야마가타 대학교,Yamagata University,일본
987,야마구치 대학교,Yamaguchi University,일본
988,연변대학교,Yanbian University,중국
989,예디테페 대학교,Yeditepe University,터키
990,자가지그 대학교,Zagazig University,이집트
991,취리히 응용과학대학교(ZHAW),ZHAW Zurich University of Applied Sciences,스위스
992,악사라이 대학교,Aksaray University,터키
993,알나흐레인 대학교,Al-Nahrain University,이라크
994,앙카라 일드림 베야지트 대학교,Ankara Yildirim Beyazit University,터키
995,아스완 대학교,Aswan University,이집트
996,오스트랄 대학교(칠레),Austral University of Chile,칠레
997,바하칼리포르니아 자치대학교,Autonomous University of Baja California,멕시코
998,바쉬켄트 대학교,Başkent University,터키
999,푸에블라 자치 대학교,Benemérita Universidad Autónoma de Puebla,멕시코
1000,베즈미알렘 바키프 대학교,Bezmiâlem Vakif University,터키
1001,바라티 비디야피스 대학교,Bharati Vidyapeeth University,인도
1002,보고몰레츠 국립의과대학교,Bogomolets National Medical University,우크라이나
1003,볼루 아반트 이제트 바이살 대학교,Bolu Abant Izzet Baysal University,터키
1004,보조크 대학교,Bozok University,터키
1005,부라파 대학교,Burapha University,태국
1006,세아라 주립대학교,Ceará State University,브라질
1007,CES 대학교,CES University,콜롬비아
1008,주쿠로바 대학교,Cukurova University,터키
1009,프라하 체코 공과대학교,Czech Technical University in Prague,체코
1010,다마스쿠스 대학교,Damascus University,시리아
1011,델로사리오 대학교,Del Rosario University,콜롬비아
1012,디포네고로 대학교,Diponegoro University,인도네시아
1013,뒤즈제 대학교,Duzce University,터키
1014,엘 보스케 대학교,El Bosque University,콜롬비아
1015,에르진잔 비날리 일드름 대학교,Erzincan Binali Yıldırım University,터키
1016,에스키셰히르 오스망가지 대학교,Eskişehir Osmangazi University,터키
1017,라브라스 연방대학교,Federal University of Lavras,브라질
1018,마투그로수두술 연방대학교,Federal University of Mato Grosso do Sul,브라질
1019,파라 연방대학교,Federal University of Pará,브라질
1020,페르남부쿠 연방대학교,Federal University of Pernambuco,브라질
1021,비소사 연방대학교,Federal University of Viçosa,브라질
1022,갈고티아스 대학교,Galgotias University,인도
1023,가지안테프 대학교,Gaziantep University,터키
1024,GITAM 대학교,GITAM University,인도
1025,그리고레 T. 포파 의과약학대학교,Grigore T. Popa University of Medicine and Pharmacy,루마니아
1026,하사누딘 대학교,Hasanuddin University,인도네시아
1027,히티트 대학교,Hitit University,터키
1028,호르모즈간 의과대학교,Hormozgan University of Medical Sciences,이란
1029,후에 대학교,Hue University,베트남
1030,이뇌뉘 대학교,Inönü University,터키
1031,이스탄불 아이드ın 대학교,Istanbul Aydın University,터키
1032,이스탄불 메디폴 대학교,Istanbul Medipol University,터키
1033,이스티니예 대학교,İstinye University,터키
1034,얀 코차노프스키 대학교(키엘체),Jan Kochanowski University in Kielce,폴란드
1035,가나자와 의과대학교,Kanazawa Medical University,일본
1036,카라뷱 대학교,Karabük University,터키
1037,카라데니즈 공과대학교,Karadeniz Technical University,터키
1038,크르칼레 대학교,Kirikkale University,터키
1039,크르셰히르 아히 에브란 대학교,Kırşehir Ahi Evran University,터키
1040,코자엘리 대학교,Kocaeli University,터키
1041,라도케 아킨톨라 공과대학교,Ladoke Akintola University of Technology,나이지리아
1042,라고스 주립대학교,Lagos State University,나이지리아
1043,마하사라캄 대학교,Mahasarakham University,태국
1044,마니사 젤랄 바야르 대학교,Manisa Celal Bayar University,터키
1045,메누피아 대학교,Menoufia University,이집트
1046,메르신 대학교,Mersin University,터키
1047,미스르 과학기술대학교,Misr University for Science and Technology,이집트
1048,묄라 시트키 코츠만 대학교,Mugla Sitki Kocman University,터키
1049,무힘빌리 보건과학대학교,Muhimbili University of Health and Allied Sciences,탄자니아
1050,무스탄시리야 대학교,Mustansiriyah University,이라크
1051,나레수안 대학교,Naresuan University,태국
1052,파키스탄 국립의과대학교(NUMS),National University of Medical Sciences (NUMS),파키스탄
1053,니테 대학교,Nitte (Deemed to be University),인도
1054,남디 아지키웨 대학교,Nnamdi Azikiwe University,나이지리아
1055,온도쿠즈 마이즈 대학교,Ondokuz Mayis University,터키
1056,오르두 대학교,Ordu University,터키
1057,오비디우스 대학교(콘스탄차),Ovidius University of Constanța,루마니아
1058,파묵칼레 대학교,Pamukkale University,터키
1059,미나스 제라이스 가톨릭 대학교,Pontifical Catholic University of Minas Gerais,브라질
1060,레제프 타이이프 에르도안 대학교,Recep Tayyip Erdoğan University,터키
1061,사카르야 대학교,Sakarya University,터키
1062,세파코 마크가토 보건과학대학교,Sefako Makgatho Health Sciences University,남아프리카공화국
1063,산시 의과대학교,Shanxi Medical University,중국
1064,시바스 줌후리옛 대학교,Sivas Cumhuriyet University,터키
1065,소하그 대학교,Sohag University,이집트
1066,스리나카린위롯 대학교,Srinakharinwirot University,태국
1067,스리 라마찬드라 고등교육 및 연구기관,Sri Ramachandra Institute of Higher Education and Research,인도
1068,바이아 주립대학교,State University of Bahia,브라질
1069,폰타그로사 주립대학교,State University of Ponta Grossa,브라질
1070,탐마삿 대학교,Thammasat University,태국
1071,토카트 가지오스만파샤 대학교,Tokat Gaziosmanpaşa University,터키
1072,도쿄도립대학교,Tokyo Metropolitan University,일본
1073,트라키아 대학교,Trakya University,터키
1074,브라쇼브 트란실바니아 대학교,Transilvania University of Brașov,루마니아
1075,안드레스 베요 대학교(UNAB),Universidad Andrés Bello (UNAB),칠레
1076,멕시코 주립 자치대학교(UAEMex),Universidad Autónoma del Estado de Mexico (UAEMex),멕시코
1077,누에보 레온 자치대학교(UANL),Universidad Autónoma de Nuevo León (UANL),멕시코
1078,수르 과학대학교,Universidad Científica del Sur,페루
1079,델 바예 대학교,Universidad del Valle,콜롬비아
1080,산타카타리나 주립대학교,Universidade do Estado de Santa Catarina,브라질
1081,페이라데산타나 주립대학교(UEFS),Universidade Estadual de Feira de Santana (UEFS),브라질
1082,마링가 주립대학교,Universidade Estadual de Maringá,브라질
1083,파라나 서부 주립대학교(Unioeste),Universidade Estadual do Oeste do Paraná (Unioeste),브라질
1084,마라냥 연방대학교(UFMA),Universidade Federal do Maranhão (UFMA),브라질
1085,노비지울류 대학교(Uninove),Universidade Nove de Julho (Uninove),브라질
1086,산탄데르 산업대학교(UIS),Universidad Industrial de Santander (UIS),콜롬비아
1087,마요르 대학교,Universidad Mayor,칠레
1088,응용과학 페루 대학교(UPC),Universidad Peruana de Ciencias Aplicadas (UPC),페루
1089,볼리바르 가톨릭 대학교(UPB),Universidad Pontificia Bolivariana (UPB),콜롬비아
1090,산 이그나시오 데 로욜라 대학교,Universidad San Ignacio de Loyola,페루
1091,산토 토마스 대학교,Universidad Santo Tomás,칠레
1092,안달라스 대학교,Universitas Andalas,인도네시아
1093,세벨라스 마렛 대학교,Universitas Sebelas Maret,인도네시아
1094,수마테라 우타라 대학교,Universitas Sumatera Utara,인도네시아
1095,하산 2세 대학교(카사블랑카),Université Hassan II de Casablanca,모로코
1096,모하메드 1세 대학교,Université Mohammed Premier,모로코
1097,말레이시아 기술대학교(MARA),Universiti Teknologi MARA,말레이시아
1098,개발학 대학교,University for Development Studies,가나
1099,바빌론 대학교,University of Babylon,이라크
1100,바그다드 대학교,University of Baghdad,이라크
1101,바스라 대학교,University of Basrah,이라크
1102,브라위자야 대학교,University of Brawijaya,인도네시아
1103,에보라 대학교,University of Évora,포르투갈
1104,포르탈레자 대학교(UNIFOR),University of Fortaleza (UNIFOR),브라질
1105,과달라하라 대학교,University of Guadalajara,멕시코
1106,과나후아토 대학교,University of Guanajuato,멕시코
1107,켈라니야 대학교,University of Kelaniya,스리랑카
1108,라 사바나 대학교,University of La Sabana,콜롬비아
1109,아메리카 대학교(UDLA),University of Las Américas (UDLA),에콰도르
1110,카디 아이야드 대학교(마라케시),University Cadi Ayyad of Marrakech,모로코
1111,몬테네그로 대학교,University of Montenegro,몬테네그로
1112,모술 대학교,University of Mosul,이라크
1113,페르남부쿠 대학교,University of Pernambuco,브라질
1114,파야오 대학교,University of Phayao,태국
1115,포트하커트 대학교,University of Port Harcourt,나이지리아
1116,프리슈티나 대학교,University of Prishtina,코소보
1117,리예카 대학교,University of Rijeka,크로아티아
1118,르완다 대학교,University of Rwanda,르완다
1119,사라예보 대학교,University of Sarajevo,보스니아 헤르체고비나
1120,수스 대학교,University of Sousse,튀니지
1121,스리 자야와르데네푸라 대학교,University of Sri Jayewardenepura,스리랑카
1122,탈카 대학교,University of Talca,칠레
1123,발파라이소 대학교,University of Valparaíso,칠레
1124,웨스트 아티카 대학교,University of West Attica,그리스
1125,우샤크 대학교,Uşak University,튀르키예
1126,우즈호로드 국립대학교,Uzhhorod National University,우크라이나
1127,반 위즌쥬일 대학교,Van Yüzüncü Yil University,튀르키예
1128,비나야카 미션 연구재단,Vinayaka Mission’s Research Foundation,인도
1129,V.N. 카라진 하르키우 국립대학교,V.N. Karazin Kharkiv National University,우크라이나
1130,종굴닥 뷸렌트 에제빗 대학교,Zonguldak Bülent Ecevit University,튀르키예